Headword,Page,Construction,English Meaning,entry_text
اَڌُ,10,اَڌواَڌ ڪرڻ,"A half sharer, To halve, Abbreviated, Abbreviation, Midnight, Semicolon","1) اَڌُ
			(p. 10) ...A half sharer. اَڌ or اَڌواَڌ ڪرڻ v. i. To halve. اَڌاَڇرو or اَڌاَکرو a. Abbreviated. اَڌاَڇريِ or اَڌاَکريِ n. Abbreviation. اَڌرات n. Midnight. اَڌدم n. Semicolon."
اعتبار,17,اَعتبار ڪرڻ,"To believe, Trustworthy","2) اعتبار
			(p. 17) اعتبار v. t. To believe. اَعتبار ڪرڻ a. Trustworthy."
اَنتقال ڪرڻ,26,اَنتقال ڪرڻ,"To alienate, transfer","3) اَنتقال ڪرڻ
			(p. 26) اَنتقال ڪرڻ v. t. To alienate, transfer."
اِندريِ,27,دَمَنُ ڪرڻ,"The organ of generation; one of the five senses, To subdue the passions","4) اِندريِ
			(p. 27) اِندريِ n. The organ of generation; one of the five senses. اِندريْ دَمَنُ ڪرڻ To subdue the passions."
اِنڪارُ,28,اِنڪار ڪرڻ,"Denial, To deny","5) اِنڪارُ
			(p. 28) اِنڪارُ n. Denial. اِنڪار ڪرڻ v. t. To deny."
"اوساريِ , اوساَر",35,اوساريِ ڪرڻ,"The building a wall, masonry, To lay bricks on","6) اوساريِ , اوساَر
			(p. 35) اوساريِ or اوساَر n. The building a wall, masonry. اوسارڻ or اوساريِ ڪرڻ To lay bricks on."
بَخِشَ,45,بخش ڪرڻ,"To be forgiven, To forgive, A gift, grant, donation, A deed of gift, A pardoner, To ask forgiveness","7) بَخِشَ
			(p. 45) ...To be forgiven. بخش ڪرڻ v. t. To forgive. بخشَشِ n. A gift, grant, donation. بخشش نامو n. A deed of gift. بخشيندڙ or بخشڻهار n. A pardoner. بخشائڻ v. t. To ask forgiveness."
بَدِليِ,46,بدلي ڪرڻ,"An oil-seller, A substitute, relief, Exchange, lieu, A transfer, To transfer,, To be transferred","8) بَدِليِ
			(p. 46) بَدِليِ n. An oil-seller. A substitute, relief (of a clerk). Exchange, lieu. A transfer. بدلي ڪرڻ v. t. To transfer, بدلي ٿيڻ To be transferred."
بَرابَرِ,46,برابريِ ڪرڻ,"Even, level, plain, abreast, in a row; equal, alike; exact, right, correct; complete; straight; entirely, continually, unintermitting, regularly, exactly, Equality, resemblance, To cope with, vie, compete, match","9) بَرابَرِ
			(p. 46) بَرابَرِ a. or adv. Even, level, plain, abreast, in a row; equal, alike; exact, right, correct; complete; straight; entirely, continually, unintermitting, regularly, exactly. براَبريِ n. Equality, resemblance. برابريِ ڪرڻ v. t. To cope with, vie, compete, match."
براۇردَ,47,برطرف ڪرڻ,"Contrary, To dismiss","10) براۇردَ
			(p. 47) ...Contrary. برطرف ڪرڻ v. t. To dismiss. n. برطرفيِ."
بَسِ,48,بس ڪرڻ,"Enough, sufficient; in short inter, Enough, Stop, A stop, pause, quiet, To come to an end, cease; to suffice; be silent, To end, cease, discontinue; finish, To stop","11) بَسِ
                        (p. 48) بَسِ a. or adv. Enough, sufficient; in short inter. Enough! Stop! n. A stop, pause, quiet. بس ٿئَڻ To come to an end, cease; to suffice; be silent. بس ڪرڻ v. i. To end, cease, discontinue; finish. v. i. To stop."
بَنْدُ,51,بند ڪرڻ,"Fastened, closed, in captivity; ceased, To close; prevent, stop, check; confine, detain, To imprison, confine, detain, To be confined, etc, To suffer from laminitis, Check, restriction, prohibition","12) بَنْدُ
			(p. 51) ...Fastened, closed, in captivity; ceased. بند ڪرڻ v. t. To close; prevent, stop, check; confine, detain (a boy in school). بَنْدَڻُ v. t. To imprison, confine, detain. بندِجَڻُ v. i. To be confined, etc. To suffer from laminitis (as a horse). بَنْدَشِ n. Check, restriction, prohibition. بندش..."
بوراقُ,52,بوراق ڪرڻ,"A horse, steed, To cut the throat of a horse","13) بوراقُ
			(p. 52) بوراقُ n. A horse, steed. بوراق ڪرڻ To cut the throat of a horse."
بي اونو,54,باق ڪرڻ,"Without anxiety, Irreligious; faithless, dishonest, To cheat; embezzle, To settle, square","14) بي اونو
			(p. 54) بي اونو a. or adv. Without anxiety. بي اِيمانُ a. Irreligious; faithless, dishonest. (n. بي اِيمانيِ). بي اِيما ني ڪرڻ To cheat; embezzle. بي باق ڪرڻ v. t. To settle, square (an account, etc)."
بَيْتُ,58,بازيِ ڪرڻ,"A couplet, verse, To cap","15) بَيْتُ
			(p. 58) بَيْتُ n. A couplet, verse. بَيْتِ بازيِ ڪرڻ To cap (verses)."
ٻِثَ,63,ٻِثَ ڪرڻ,"In pairs, by couples, two together, inseparable, A pair, couple, To couple","16) ٻِثَ
			(p. 63) ٻِثَ a. or adv. In pairs, by couples, two together, inseparable. n. A pair, couple ٻِثَ ڪرڻ v. t. To couple."
تَحْقِيقُ,89,تحْقيقات ڪرڻ,"Authentic, true, ascertained, Truly, indeed, certainly, Verification, inquiry, To inquire, ascertain","17) تَحْقِيقُ
			(p. 89) تَحْقِيقُ a. Authentic, true, ascertained. adv. Truly, indeed, certainly. تَحْقيقاتَ n. Verification, inquiry. تحْقيقات ڪرڻ v. i. To inquire, ascertain."
تَدارَڪُ,90,تدارڪ ڪرڻ,"Arrangement, provision; redress, removal of inconvenience, etc, To redress etc","18) تَدارَڪُ
			(p. 90) تَدارَڪُ n. Arrangement, provision; redress, removal of inconvenience, etc., remedy. تدارڪ ڪرڻ To redress etc., to see to, bring under discipline."
جَمَعَ,177,بنديِ ڪرڻ,"Collected in a body, Plural, To credit, The settlement of an assessment; a rent roll, accounts of the revenues, To assess revenue, A headman over workmen; a Police head constable, The office","19) جَمَعَ
			(p. 177) ...Collected in a body. (gram.) Plural (number). جمع ڪرڻ To credit. جمع بَنديِ n. The settlement of an assessment; a rent roll, accounts of the revenues. جمع بنديِ ڪرڻ To assess revenue. جَمَعَدارُ n. A headman over workmen; a Police head constable. جمعداريِ n. The office..."
جَوَابُ,179,جواب ڪرڻ,"An answer, reply; refusal; discharge from service, To face, Responsible, liable, Responsibility, liability, Responsibility","20) جَوَابُ
			(p. 179) جَوَابُ n. An answer, reply; refusal; discharge from service. جواب ڪرڻ v. t. To face. جَوابِدارُ a. or n. Responsible, liable. جَوابِداريِ n. Responsibility, liability. جوابِدِهيِ n. Responsibility."
جَهپَڻُ,187,جهپ ڪرڻ,"See, To snatch, pluck, One who snatches,, A snatch, a spring or dart; pluck, pounce, muss, clutch, scramble, To take a nap","21) جَهپَڻُ
			(p. 187) جَهپَڻُ See جهٽَڻُ v. i. To snatch, pluck. جَهپِرُ n. One who snatches, جَهپُ or جَهپو n. A snatch, a spring or dart; pluck, pounce, muss, clutch, scramble جهپ ڪرڻ To take a nap."
چان چۇن ڪرڻ,193,چۇن ڪرڻ,"To question, object, dispute","22) چان چۇن ڪرڻ
			(p. 193) چان چۇن ڪرڻ v. i. To question, object, dispute."
چَٽُ,195,چٽ ڪرڻ,"Finished, destroyed, exterminated, extinct, waste, To destroy, ruin","23) چَٽُ
			(p. 195) چَٽُ a. Finished, destroyed, exterminated, extinct, waste. چٽ ڪرڻ v. t. To destroy, ruin."
چَڙَتِ,200,چڙت ڪرڻ,"Competition, Outbidding, To compete, To outbid","24) چَڙَتِ
			(p. 200) چَڙَتِ n. Competition. Outbidding. چڙت ڪرڻ v. t. To compete. To outbid."
چَڙَهڻُ,200,چڙهيِ ڪرڻ,"An irruption, attack, invasion, To die a sudden death, To invade, To hop along","25) چَڙَهڻُ
			(p. 200) ...An irruption, attack, invasion. چڙهيِءَ جُتيِ ءَوڃڻ To die a sudden death (said by way of a curse). چڙهيِ ڪرڻ To invade. چڙهيِ ڪريِ هلڻ To hop along."
"چَشْمَہ , چِشْمَہ",201,چَشْمِبَنديِ ڪرڻ,"An eye, Sleight of hand, legerdemain, conjurer, To mesmerise, Connivance, An oculist, A fountain, A pair of spectacles","26) چَشْمَہ , چِشْمَہ
			(p. 201) ...An eye. چَشْمِبَنديِ ڪرڻ n. Sleight of hand, legerdemain, conjurer's tricks, juggling. چشمبنديِ To mesmerise. چشم پوشيِ n. Connivance. چَشْمَ سازُ n. An oculist. چَشمو n. A fountain. A pair of spectacles."
چَکَڻَ,202,چَکاچۇکيِ ڪرڻ,"To taste, Personal adornment, A taste; a small quantity, To taste of","27) چَکَڻَ
			(p. 202) چَکَڻَ v. t. To taste. چَکُہ مَکُہ n. Personal adornment. چَکيِ n. A taste; a small quantity. چَکاچۇکيِ ڪرڻ To taste of (a delicacy)."
چوٽُ,208,چوٽَ ڪرڻ,"A cone, any thing shaped conically; any thing filled to the highest so as to form a point, The roof of a house, To culminate","28) چوٽُ
			(p. 208) چوٽُ n. A cone, any thing shaped conically; any thing filled to the highest so as to form a point. The roof of a house. چوٽَ ڪرڻ v. i. To culminate."
چوٽيِءَ ڀَرِ,208,چوٽيِ ڪرڻ,"Headlong, To braid the hair, A comet, One who lets his, A bird with a large crest, a lark","29) چوٽيِءَ ڀَرِ
			(p. 208) چوٽيِءَ ڀَرِ adv. Headlong. چوٽيِ ڪرڻ To braid the hair. چوٽيانئون or چِوِٽَيرُ n. A comet. چوٽير n. One who lets his چوٽيِ grow. A bird with a large crest, a lark."
چۇن ڪرڻ,210,چۇن ڪرڻ,"To utter a word, or syllable","30) چۇن ڪرڻ
			(p. 210) چۇن ڪرڻ v. i. To utter a word, or syllable."
چَوَڻُ,211,چَيو ڪرڻ,"To say, tell; speak to; to scold, Spoken, To rebuke or snub repeatedly, Obedient, To obey","31) چَوَڻُ
			(p. 211) چَوَڻُ v. t. (p.p. چَيو) To say, tell; speak to; to scold. چَيَلُ a. Spoken چَوْچَوْڪرڻ To rebuke or snub repeatedly. چَيو ڪرڻ مڃڻ a. Obedient. n. To obey. چَئيوانُ."
ڇۇٽِ,222,ڇۇٽ ڪرڻ,"Abatement, remission, pardon, immunity; discount, Quickness, speed, To remit, absolve, A deliverer, rescuer, preserver, See, Release, freedom, deliverance, emancipation, redemption","32) ڇۇٽِ
			(p. 222) ڇۇٽِ n. Abatement, remission, pardon, immunity; discount. Quickness, speed. ڇۇٽ ڪرڻ To remit, absolve. ڇوٽائۇ n. A deliverer, rescuer, preserver. ڇۇٽِ پالَ See ڇُڙَپَلَ under ڇوٽِڪارو .ڇُڙَڻُ or ڇوٽِڪو n. Release, freedom, deliverance, emancipation, redemption."
ڇيِ,224,,"Fie, tush, pooh, tut, The sound for calling cattle to water, To make water","33) ڇيِ
			(p. 224) ڇيِ n. inter. Fie, tush, pooh, tut. The sound for calling cattle to water. ڇيِ ڪرڻِ To make water (a child). (L. S.)."
حاصُلُ,225,obtained.حاصل ڪرڻ,"Possession, benefit, advantage, To be obtained, To obtain, Produce, revenue","34) حاصُلُ
			(p. 225) حاصُلُ n. Possession, benefit, advantage. حاصل ٿئڻ To be obtained.حاصل ڪرڻ v. t. To obtain. حاصُلاتِ n. Produce, revenue."
حَلالُ,229,حلال ڪرڻ,"Legitimate, lawfully earned, To slaughter according to the forms prescribed by the Mussalman religion, One who eats what is lawful; a sweeper, One who acts honestly or performs faithful service; legitimate","35) حَلالُ
			(p. 229) ...Legitimate, lawfully earned. حلال ڪرڻ To slaughter according to the forms prescribed by the Mussalman religion. حلالخور n. One who eats what is lawful; a sweeper. حلاليِ a. One who acts honestly or performs faithful service; legitimate."
حَمائلُ,229,جمائل ڪرڻ,"A sword-belt hung from the shoulders; a small Quran suspended from the neck, To sling across the shoulders","36) حَمائلُ
			(p. 229) حَمائلُ n. A sword-belt hung from the shoulders; a small Quran suspended from the neck. جمائل ڪرڻ To sling across the shoulders (a gun, sword, etc.)."
حَوالو,230,حواليِ ڪرڻ,"Reference, quotation; charge, commitment, A lock-up, A head constable, In charge, To give in charge","37) حَوالو
			(p. 230) حَوالو n. Reference, quotation; charge, commitment. حوالات n. A lock-up. حوالدار n. A head constable. حواليِ adv. In charge. حواليِ ڪرڻ To give in charge."
خاَرِجُ,231,خارج ڪرڻ,"Excluded, out of, exempt; nonsuit; rejected; good-for-nothing, To reject, bar, A schismatic; one of a Mah, Ali from the khalifas","38) خاَرِجُ
			(p. 231) خاَرِجُ a. Excluded, out of, exempt; nonsuit; rejected; good-for-nothing. خارج ڪرڻ v. t. To reject, bar. خارجيِ n. A schismatic; one of a Mah. sect who exclude Ali from the khalifas."
خاصِ,231,خاصيِ ڪرڻ,"Property, quality, attribute, To accept","39) خاصِ
			(p. 231) ...Property, quality, attribute. خاصيِ ڪرڻ (com.) To accept (a hundi)."
خالِصُ,231,خالصيِ ڪرڻ,"Pure, unadulterated, plain, A follower of Govindsing, Revenue-paying land, A thing that can easily be obtained or easily done, To confiscate, sequestrate, To be confiscated","40) خالِصُ
			(p. 231) خالِصُ a. Pure, unadulterated, plain (spirits, etc.). خالِصو n. A follower of Govindsing. Revenue-paying land. خالصيِ جيِ نانگليِ A thing that can easily be obtained or easily done. خالصيِ ڪرڻ v. t. To confiscate, sequestrate. خالصيِ ٿئَڻ To be confiscated."
خاليِ,231,خاليِ ڪرڻ,"Empty, unoccupied; idle, Uselessly, Causelessly, in vain, To empty; discharge, Empty-handed","41) خاليِ
			(p. 231) خاليِ n. Empty, unoccupied; idle. adv. Uselessly. خاليِ پيليِ adv. Causelessly, in vain. خاليِ ڪرڻ v. t. To empty; discharge (a boat). خاليِ هٿين adv. Empty-handed."
حَتَمُ,232,ختم ڪرڻ,"Conclusion, To end","42) حَتَمُ
			(p. 232) حَتَمُ n. Conclusion. ختم ڪرڻ a. l. To end."
خَرابَُ,233,خراب ڪرڻ,"Bad, evil; ruined, To spoil, mar; deprave, pollute; deflour, Unarable land, Destruction, injury, ruin, evil, badness; trouble, difficulty","43) خَرابَُ
			(p. 233) خَرابَُ a. Bad, evil; ruined. خراب ڪرڻ v. t. To spoil, mar; deprave, pollute; deflour. خرابو n. Unarable land. خرابيِ n. Destruction, injury, ruin, evil, badness; trouble, difficulty."
خَلاصُ,234,خلاص ڪرڻ,"Free, released; finished, used up; bad, useless, Primage, To finish off, Private, privately, retired, Roomy, wide, An abstract, Release, freedom, deliverance; completion, A sailor; a tent pitcher","44) خَلاصُ
			(p. 234) ...Free, released; finished, used up; bad, useless. n. (naut.) Primage. خلاص ڪرڻ To finish off. خُلاصو a. or adv. Private, privately, retired. Roomy, wide. n. An abstract. خَلاصيِ n. Release, freedom, deliverance; completion. A sailor; a tent pitcher."
خِيالُ,236,خيال ڪرڻ,"Thought; opinion, notion; fancy; anxiety; conceit, A kind of song, To think, Fancies; anxiety, Imaginary, fanciful; thoughtful","45) خِيالُ
			(p. 236) خِيالُ n. Thought; opinion, notion; fancy; anxiety; conceit. A kind of song. خيال ڪرڻ v. i. To think. خيالات n. pl. Fancies; anxiety. خياليِ a. Imaginary, fanciful; thoughtful."
داخِلِ,237,داخل ڪرڻ,"Entered, To enter, An entry, note, An entrance fee","46) داخِلِ
			(p. 237) داخِلِ a. Entered(in a book or account); registered. داخل ڪرڻ To enter. داخِلا or داخِلو n. An entry, note. داخِلا جيِ فيِ An entrance fee."
دادُلو,237,دادلو ڪرڻ,"Darling, fondling, a favourite or much loved child, To spoil, pamper","47) دادُلو
			(p. 237) دادُلو n. or a. Darling, fondling, a favourite or much loved child. دادلو ڪرڻ v. t. To spoil, pamper."
داسُ,238,داسُ ڪرڻ,"A slave, servant, A sickle, Stewed, To stew","48) داسُ
			(p. 238) داسُ n. A slave, servant. A sickle. a. Stewed (food). داسُ ڪرڻ v. t. To stew (vegetables, etc.)."
دَخَلُ,240,خل ڪرڻ,"Entering on; interference, meddling, To count for something, Trespass; encroachment, To dispossess, disturb one, Dispossession, ejectment","49) دَخَلُ
			(p. 240) دَخَلُ n. Entering on; interference, meddling. دخل ۾ آڻڻ v. t. To count for something. بيِقاعديِ دخل n. Trespass; encroachment بيل خل ڪرڻ To dispossess, disturb one's possession. بيد خليی n. Dispossession, ejectment."
دَرْجُ ڪرڻ,240,دَرْجُ ڪرڻ,"To record, insert, enter","50) دَرْجُ ڪرڻ
			(p. 240) دَرْجُ ڪرڻ v. t. To record, insert, enter."
دَفَعُ,243,دفع ڪرڻ,"Repulsion, warding off, To repel, avert, A pastime; a makeshift, A mounted head constable of police","51) دَفَعُ
			(p. 243) دَفَعُ n. Repulsion, warding off. دفع ڪرڻ To repel, avert. دفع الوقت A pastime; a makeshift. دفعدار n. A mounted head constable of police."
دِقُ,243,دق ڪرڻ,"Troubled, annoyed, The fulness and pain from surfeit and indigestion, Hectic fever, To trouble, annoy, Trouble, annoyance; pain, ache","52) دِقُ
			(p. 243) دِقُ a. Troubled, annoyed. n. The fulness and pain from surfeit and indigestion. دق تپ Hectic fever. دق ڪرڻ v. t. To trouble, annoy. دِقَتَ n. Trouble, annoyance; pain, ache."
دِلُ,244,۾ ڪرڻ,"Attachment, To feel, take to heart, To humour, To hesitate, Open-hearted, generous, Hearty, Heart-ravishing, lovely","53) دِلُ
			(p. 244) ...Attachment. دل ۾ ڪرڻ ٿيڻ To feel, take to heart. دل وٺڻ v. t. To humour (a child, etc.). دل هڻڻ v. t. To hesitate. دل کليل a. Open-hearted, generous. دليِ a. Hearty. دلبر a. Heart-ravishing, lovely. n. A..."
دَئيِ,249,ديۇن ڪرڻ,"Splendour, An atom, To frighten, threaten, To shine, give light and heat","54) دَئيِ
			(p. 249) دَئيِ n. Splendour. An atom دئيِ ڪرڻ To frighten, threaten. ديۇن ڪرڻ v. i. To shine, give light and heat."
ذِهِنُ,278,نشين ڪرڻ,"A good memory, a sharp understanding; genius, Sagacious, ingenious, sharp, To impress upon the mind","55) ذِهِنُ
			(p. 278) ذِهِنُ n. A good memory, a sharp understanding; genius. ذَهيِنُ a. Sagacious, ingenious, sharp. ذهن نشين ڪرڻ To impress upon the mind."
راجائيِ,279,راڄ ڪرڻ,"Relations, kinsmen, family, race, brotherhood, To reign, rule, Community, Of or belonging to a body of husbandmen or subjects or any class in the community, Republican, democratical, Keeping a","56) راجائيِ
			(p. 279) ...Relations, kinsmen, family, race, brotherhood. راڄ ڪرڻ v. i. To reign, rule. راڄُ مهَاڄَڻُ n. Community. راڄائتو، راڄاڻو or راڄڪو a. Of or belonging to a body of husbandmen or subjects or any class in the community. راڄِداريِ a. Republican, democratical. n. Keeping a..."
راڌاويڌيِ,279,راڌاويڌيِ ڪرڻ,"The halving or dividing the difference between the sums offered by the purchaser and asked by the seller; a medium, To effect a compromise","57) راڌاويڌيِ
			(p. 279) راڌاويڌيِ n. The halving or dividing the difference between the sums offered by the purchaser and asked by the seller; a medium. راڌاويڌيِ ڪرڻ To effect a compromise."
راسِ,280,راس ڪرڻ,"Right, correct; ready, To complete","58) راسِ
			(p. 280) راسِ a. Right, correct; ready. راس ڪرڻ v. t. To complete."
رَتُ,283,رتورت ڪرڻ,"Blood-stained, To fetch much blood, Blood-colored","59) رَتُ
			(p. 283) ...Blood-stained. رتورت ڪرڻ To fetch much blood. رتورنو a. Blood-colored."
رُجۇع,284,رجوع ڪرڻ,"Inclined, disposed, taken in hand, entered upon, referred to another,, To send up, Inclination, leaning; reference to a person for arbitration, etc; the coming in of many people on a visit, etc","60) رُجۇع
			(p. 284) ...Inclined, disposed, taken in hand, entered upon, referred to another, رجوع ڪرڻ v. t. To send up (a case) for trial (as a police officer), to refer (to a person). رجوعات n. Inclination, leaning; reference to a person for arbitration, etc; the coming in of many people on a visit, etc."
ڎيِ ڪرڻ,285,ڎيِ ڪرڻ,"To jib, balk,","61) ڎيِ ڪرڻ
			(p. 285) ڎيِ ڪرڻ v. i. To jib, balk, (as an ox, etc.)."
"رِعاتَ , رِعايَتَ",287,رعات ڪرڻ,"Partiality; regard, favour; remission, indulgence, reduction of price, To reduce","62) رِعاتَ , رِعايَتَ
			(p. 287) رِعاتَ or رِعايَتَ n. Partiality; regard, favour; remission, indulgence, reduction of price. رعات ڪرڻ To reduce."
رَهِتِ,294,رهت ڪرڻ,"Destitute, devoid of, beyond, To make","63) رَهِتِ
			(p. 294) رَهِتِ a. Destitute, devoid of, beyond. رهت ڪرڻ To make (some one) abandon something, deprive of."
ساٺُ,303,ساٺ ڪرڻ,"A method of rubbing or patting with the hand or an instrument a sore or painful part by which it is thought to be cured, Certain superstitious forms gone through for good luck during weddings, etc, To touch","64) ساٺُ
			(p. 303) ساٺُ n. A method of rubbing or patting with the hand or an instrument a sore or painful part by which it is thought to be cured. ساٺ سڳڻ سوڻ Certain superstitious forms gone through for good luck during weddings, etc. ساٺ ڪرڻ To touch (the throat, etc. as a doctor does."
"سامُهائيِ , سامُهٹائي",306,سامهون ڪرڻ,"To face; brave, defy, resist, oppose, To confront, bring, To go direct","65) سامُهائيِ , سامُهٹائي
			(p. 306) ...To face; brave, defy, resist, oppose. سامهون ڪرڻ v. t. To confront, bring (a person) before another. سامهون وڃڻ To go direct."
سَبَبُ,309,سبب ڪرڻ,"Cause, reason, motive, To happen providentially, To ordain","66) سَبَبُ
			(p. 309) سَبَبُ n. Cause, reason, motive. سبب ٿيڻ v. i. To happen providentially. سبب ڪرڻ To ordain."
سَتِميِ,312,ستمي ڪرڻ,"A division, dividing, dividend, Port clearance, To compound, Wrack and ruin","67) سَتِميِ
			(p. 312) سَتِميِ n. A division, dividing, dividend. Port clearance (of a ship). ستمي ڪرڻ To compound (a debt). ستمي ناس Wrack and ruin."
سَتوهُ,313,,Force as,"68) سَتوهُ
			(p. 313) سَتوهُ n. Force as (کائڻ لاءِ ستوه ڪرڻ)"
سَچُ,317,سچيِ ڪرڻ,"Truth, To make a clean breast of, confess","69) سَچُ
			(p. 317) ...Truth. سچيِ ڪرڻ To make a clean breast of, confess."
سَرِ,319,سرانجام ڪرڻ,"Materials, To manage, finish, complete, Completion, end, Straight through the bazar, An administrator, manager, Management, To take on one, Whole, entire","70) سَرِ
			(p. 319) ...Materials. سرانجام ڪرڻ v. t. To manage, finish, complete. سرانجامی n. Completion, end. سربازار Straight through the bazar. سربراهڪار n. An administrator, manager. سربراهيِ-برائيِ n. Management. سربرڪرڻ To take on one's head, accept. سربستو a. Whole, entire."
سَرْسُ,321,سرسيِ ڪرڻ,"Excellence, superiority, increase; dominance, exuberance, abundance, To excel, surpass, Somewhat more","71) سَرْسُ
			(p. 321) ...Excellence, superiority, increase; dominance, exuberance, abundance. سرسيِ ڪرڻ To excel, surpass. سرسيڙُ a. Somewhat more."
"سُرِنگهَہ , سِرِنگَهہ",323,سرنگهہ ڪرڻ,"A mine; subterraneous passage; a tunnel, gallery; an adit, To mine; to undermine; to plot against","72) سُرِنگهَہ , سِرِنگَهہ
			(p. 323) سُرِنگهَہ or سِرِنگَهہ n. (mil.) A mine; subterraneous passage; a tunnel, gallery; an adit. هڻڻ or سرنگهہ ڪرڻ To mine; to undermine; to plot against."
سَڳُڻُ,329,سڳڻ ڪرڻ,"Augury, omen, To taste of, Of, or with good omen, Auspicious; cheap","73) سَڳُڻُ
			(p. 329) ...Augury, omen. سڳڻ ڪرڻ To taste of. سڳڻائتو a. or adv. Of, or with good omen. سُڳِڻو a. Auspicious; cheap."
سَلِ,330,سَل ڪرڻ,"A colstaff, To carry a burden on the shoulders by means of a colstaff as is done by two persons","74) سَلِ
			(p. 330) سَلِ n. A colstaff. سَل ڪرڻ To carry a burden on the shoulders by means of a colstaff as is done by two persons."
سُنَتَ,334,,"Any obligatory religious ceremony as circumcision, cutting moustaches, etc, Mahomed recognized by sunnis; the prayers enjoined by Mahomed, To circumcise, A follower of the traditions, equally revering the four successors of Mahomed","75) سُنَتَ
			(p. 334) سُنَتَ n. Any obligatory religious ceremony as circumcision, cutting moustaches, etc.; the traditional sayings and doings of Mahomed recognized by sunnis; the prayers enjoined by Mahomed. سنت ڪرڻ-وهارڻ To circumcise. سُنيِ A follower of the traditions, equally revering the four successors of Mahomed."
سَنجوڳُہ,335,سنجوڳہ ڪرڻ,"Conjunction; concord, To cohabit, An ascetic with a family, A class of Mah, Hindu customs","76) سَنجوڳُہ
			(p. 335) سَنجوڳُہ n. Conjunction; concord. سنجوڳہ ڪرڻ To cohabit. سنجوڳيِ n. An ascetic with a family. سنجوڳيِ شيخ n. A class of Mah. converts who observe Hindu customs."
"ڪرڻ , ڪڍڻ",345,345) ڪرڻ,"To fast, The settling of","77) ڪرڻ , ڪڍڻ
			(p. 345) ڪرڻ or ڪڍڻ To fast. سوڪَهَڙيِ n. The settling of (ground after rain)."
سَهيِ,350,سهي ڪرڻ,"An acquaintance, Acquainted with; conversant, having knowledge of, privy, To understand, know, make out","78) سَهيِ
			(p. 350) سَهيِ n. An acquaintance. a. Acquainted with; conversant, having knowledge of, privy. سهي ڪرڻ v. t. To understand, know, make out."
سِياهُ,351,سياه ڪرڻ,"Black, sable, Black-eyed, The red lynx, To burn to ashes, Blackness, Ink","79) سِياهُ
			(p. 351) سِياهُ a. Black, sable. سياه چشم a. Black-eyed (as a hawk). سياه گوش n. The red lynx—felis caracal. خاڪ سياه ڪرڻ To burn to ashes. سياهيِ n. Blackness. Ink."
شادِ,356,شاديِ ڪرڻ,"Joyful, happy, pleased, Happy, joyful, Festivity, A marriage, wedding; joy, delight, festivity, To be married, To celebrate a marriage","80) شادِ
			(p. 356) شادِ a. Joyful, happy, pleased. شادانُ or شادان a. Happy, joyful. شادِمانو n. Festivity. شاديِ n. A marriage, wedding; joy, delight, festivity. شاديِ ڪرڻ To be married. To celebrate a marriage."
شامِلُ,356,,"Joined, connected; associated; concerned; attached, appended, To append, attach","81) شامِلُ
			(p. 356) شامِلُ a Joined, connected; associated; concerned; attached, appended. شامل ڪرڻ. v.t. To append, attach."
شُرۇعُ,359,شروع ڪرڻ,"Begun, commenced, Beginning, commencement, To begin, set up, institute, Beginning, commencement","82) شُرۇعُ
			(p. 359) شُرۇعُ a. Begun, commenced. n. Beginning, commencement. شروع ڪرڻ v.t. To begin, set up, institute. شروعات n. Beginning, commencement."
شِري ڪرڻ,359,شِري ڪرڻ,To spoil by over-indulgence,"83) شِري ڪرڻ
			(p. 359) شِري ڪرڻ v. t. To spoil by over-indulgence."
شَرِيڪُ,360,شريڪ ڪرڻ,"A partner; a relation, relative; a member of a community, To make one a partner in, Of the same relationship or partnership, Partnership, equality, Partnership; relationship","84) شَرِيڪُ
			(p. 360) شَرِيڪُ n. A partner; a relation, relative; a member of a community. شريڪ ڪرڻ To make one a partner in. شريڪاڻو a. Of the same relationship or partnership. شريڪت n. Partnership, equality. شريڪيِ n. Partnership; relationship."
شُغُلُ,360,شغل ڪرڻ,"Engagement, employment; amusement, pastime, To employ oneself; to enjoy oneself","85) شُغُلُ
			(p. 360) شُغُلُ n. Engagement, employment; amusement, pastime. شغل ڪرڻ To employ oneself; to enjoy oneself."
صَرِفُ,366,صرف ڪرڻ,"Cost, Etymology, accidence, To spend, Grammar, A grammarian","86) صَرِفُ
			(p. 366) صَرِفُ n. Cost. (gram.) Etymology, accidence. صرف ڪرڻ To spend. صرف ونحو n. Grammar. صرفيِ n. A grammarian."
صُلِحُ,366,صلح ڪرڻ,"Breach of peace, To be concluded, To come to terms, make peace, Peaceful, peacefully, pacific, A treaty of peace; a deed of compromise, Peaceful","87) صُلِحُ
			(p. 366) ...Breach of peace. صلح ٿيڻ To be concluded (a peace). صلح ڪرڻ To come to terms, make peace. صُلِحائِتو or صُلْحائِتو a. or adv. Peaceful, peacefully, pacific. صلح نامو n. A treaty of peace; a deed of compromise. صُلَحيِ a. Peaceful."
ضايَعَ,368,ضايع ڪرڻ,"Injured, spoiled, Uselessly, vainly, To waste","88) ضايَعَ
			(p. 368) ضايَعَ a. Injured, spoiled. adv. Uselessly, vainly. ضايع ڪرڻ v. t. To waste."
ضَبْطُ,368,ضبط ڪرڻ,"Measuring land, Confiscation, To measure, To confiscate, sequestrate, A land measurer, Discipline, Attachment","89) ضَبْطُ
			(p. 368) ضَبْطُ n. Measuring land. Confiscation. ضبط ڪرڻ v. t. To measure (land), survey. To confiscate, sequestrate. ضابِطُ n. A land measurer. ضابِطو n. Discipline. ضبطيِ n. (law) Attachment (of property), forfeiture, confiscation."
ضَرْبَ,368,ضرب ڪرڻ,"Multiplier, To multiply, A mint, To hurt, injure by a blow, to dint; impress, stamp, Damaged","90) ضَرْبَ
			(p. 368) ...Multiplier. ضرب ڪرڻ To multiply. ضربِخانو n. A mint. ضَرْبَڻُ v. t. To hurt, injure by a blow, to dint; impress, stamp. ضربيل a. Damaged."
طِبَ,369,طب ڪرڻ,"A medicinal book, a work on medicine, pharmacop, To serve","91) طِبَ
			(p. 369) طِبَ n. A medicinal book, a work on medicine, pharmacopœia. طب ڪرڻ (fig.) To serve (one) right."
طَئيِ,371,طَئي ڪرڻ,"A fold, plait, Completion, To roll up, fold","92) طَئيِ
			(p. 371) طَئيِ n. A fold, plait. Completion. طَئي ڪرڻ To roll up, fold."
عَدالَتَ,372,ڪم ڪرڻ,"Justice, equity; a judicial trial; a court of justice, Judicial, To act judicially, A court of justice","93) عَدالَتَ
			(p. 372) عَدالَتَ n. Justice, equity; a judicial trial; a court of justice. عَدالتيِ a. Judicial عدالتيِ ڪم ڪرڻ To act judicially. عدالتيِ مَحْڪُمو n. A court of justice."
عَقْدُ,374,,"A contract; a knot, The marriage knot,, To join in wedlock, as a priest does, A hard knot or problem, a difficulty; secret, mystery","94) عَقْدُ
			(p. 374) عَقْدُ n. A contract; a knot. عَقْدۇن pl. The marriage knot, (used only of marriage with a concubine). عقدپڙهڻ-ڪرڻ To join in wedlock, as a priest does. عُقُدو n. A hard knot or problem, a difficulty; secret, mystery."
عَمَلُ,375,عمل ڪرڻ,"Governing, government, jurisdiction, rule; act; practice; effect; time of day, To practise, put into execution, To act, An officer, Administration, government, A problem, Practical","95) عَمَلُ
			(p. 375) ...Governing, government, jurisdiction, rule; act; practice; effect; time of day عمل ڪرڻ v. t. To practise, put into execution. v.a. To act (as a medicine.) عَمْلدارُ n. An officer. عملداريِ n. Administration, government. عمليِ سڌيان (geom). A problem. عمليِ a. Practical..."
غَصَبُ,377,غصب ڪرڻ,"Embezzlement, Taken by unlawful and violent means; embezzled, To dispossess","96) غَصَبُ
			(p. 377) غَصَبُ n. Embezzlement. a. Taken by unlawful and violent means; embezzled. غصب ڪرڻ v. t. To dispossess."
فاقو,379,or ڪرڻ,"Starvation, fasting, To go without food, fast","97) فاقو
			(p. 379) فاقو n. Starvation, fasting. فاقوڪڍڻ or ڪرڻ To go without food, fast."
فَنا,383,فنا ڪرڻ,"Extinct, exterminated, Extinction, destruction, To perish, to be destroyed, To destroy, A small drinking glass","98) فَنا
			(p. 383) فَنا a. Extinct, exterminated. n. Extinction, destruction. فنا ٿئڻ v. i. To perish, to be destroyed. فنا ڪرڻ v. t. To destroy فِنجانُ n. A small drinking glass."
قَتْلُ,385,قتل ڪرڻ,"Slaughter, murder, A general massacre, To kill, murder, slaughter","99) قَتْلُ
			(p. 385) قَتْلُ n. Slaughter, murder. قتل عام n. A general massacre. قتل ڪرڻ v. t. To kill, murder, slaughter."
قَطَعَ,387,قطع ڪرڻ,"A section, A sector, A segment of a circle, To cut, A kind of verse, in which the even lines rhyme and the meaning of the first verse of each stanza is completed in the","100) قَطَعَ
			(p. 387) ...A section. قطاع n. (geom.) A sector. قطع دائرو n. (geom.) A segment of a circle. قطع ڪرڻ To cut. قطعہ n. A kind of verse, in which the even lines rhyme and the meaning of the first verse of each stanza is completed in the..."
قَلَمُ,388,قلم ڪرڻ,"A pen case, To cut; prune, To spend fast, Written, not oral; manuscript, Crystallized saltpetre","101) قَلَمُ
			(p. 388) ...A pen case. قلم ڪرڻ v. t. To cut; prune. To spend fast. قلميِ a. Written, not oral; manuscript. قلميِ شورو n. Crystallized saltpetre."
قول ڪرڻ,388,قول ڪرڻ,To make a promise,"102) قول ڪرڻ
			(p. 388) قول ڪرڻ To make a promise."
ڪاٽَ,390,ڪاٽ ڪرڻ,"Deduction, Idem, To deduct; cut, Notorious, Spoken of interest, when it is entered on the money credited or debited in the accounts of both parties, A kind of salve applied to sore eyes","103) ڪاٽَ
			(p. 390) ...Deduction. ڪاٽ ڪۇٽ Idem. ڪاٽ ڪرڻ To deduct; cut (a pack of cards). ڪاٽِڪۇ a. Notorious (thief). ڪاٽُنئون a. Spoken of interest, when it is entered on the money credited or debited in the accounts of both parties. A kind of salve applied to sore eyes. ڪاٽڻ v. t..."
ڪاٺُ,390,ڪاٺيون ڪرڻ,"To put wood on the fire, To spurn, To gather wood, A wood-seller, A woodcutter","104) ڪاٺُ
			(p. 390) ...To put wood on the fire. ڪاٺيِ ڪرڻ To spurn. ڪاٺيون ڪرڻ To gather wood. ڪاٺِيارو or ڪاٺِيَرُ n. A wood-seller. A woodcutter."
ڪاپو,390,ڪاپو ڪرڻ,"Cutting; harvest, Labour, Teasing or carding cotton, To act persistently, To spin","105) ڪاپو
			(p. 390) ڪاپو n. Cutting; harvest (of indigo). Labour. Teasing or carding cotton. ڪاپوڪڍڻ To act persistently. ڪاپو ڪرڻ To spin."
ڪارۇنْڀار,392,ڪارومنهن ڪرڻ,"An unknown person, See under, To blacken one, To deflour, ravish, commit an unnatural offence, Blackened in the face, disgraced, Black marks in a horse, To bishop or countermark","106) ڪارۇنْڀار
			(p. 392) ...An unknown person. ڪاروڌاتۇرو See under ڪارومنهن ڪرڻ .ڌاتۇرو To blacken one's face, to disgrace. To deflour, ravish, commit an unnatural offence. ڪارَمُنهون a. Blackened in the face, disgraced. ڪارِيۇن n. Black marks in a horse's teeth. هٿراڌيِ ڪاريون ڪڍڻ To bishop or countermark..."
ڪاغَذُ,393,ڪاغذ ڪرڻ,"Paper; account, To make out a balance sheet, To give a bond, A maker or seller of paper, An accountant, A white pigeon, Brittle, thin-shelled","107) ڪاغَذُ
			(p. 393) ڪاغَذُ n. Paper; account. ڪاغذ ڪرڻ v. i. To make out a balance sheet. ڪاغذ لکيِ ڏيڻ v. i. To give a bond. ڪاغذيِ n. A maker or seller of paper. An accountant. A white pigeon. a. Brittle, thin-shelled (an almond)."
ڪرڻ,403,403) ڪرڻ,"To be backward, or wanting in","108) ڪرڻ
			(p. 403) ڪرڻ v. i. To be backward, or wanting in.tight in packing; to compress."
ڪَرَڻُ,410,باه ڪرڻ,"To add more fuel to the fire, To have done by mistake, Work, act, deed; conduct","109) ڪَرَڻُ
			(p. 410) ...carry on, transact, discharge (a duty, etc.); to hold (a court); to manage, contrive; complete, finish; solve, work out (a sum, etc.); cook, dress (food); wear, put on (clothes, etc.); engage, take on hire. باه ڪرڻ To add more fuel to the fire. ڪريِ وهڻ To have done by mistake. ڪرڻيِ n. Work, act, deed; conduct..."
ڪِريِ,410,denial. ڪرڻ,"Abstinence, regimen, temperance, self denial, To refrain, abstain, Temperate, self-denying with temperance","110) ڪِريِ
			(p. 410) ڪِريِ n. Abstinence, regimen, temperance, self denial. ڪرڻ or ڪريِ رکڻ To refrain, abstain. ڪريائتو a. or adv. Temperate, self-denying with temperance."
ڪُکِہ,416,ribs ڪرڻ,"The hypochondrium, the slender part of the body under the short ribs, To eat its belly full","111) ڪُکِہ
			(p. 416) ڪُکِہ n. The hypochondrium, the slender part of the body under the short ribs ڪرڻ or ڪکہ ڪڍڻ To eat its belly full (spoken of cattle)."
ڪَنٺُ,422,ڪنٺ ڪرڻ,"Throat, By heart, committed to memory, Gutteral, To learn by heart, King, A kind of necklace","112) ڪَنٺُ
			(p. 422) ڪَنٺُ n. Throat. ڪَنٺ a. or adv. By heart, committed to memory. ڪنٺٿ a. Gutteral. ڪنٺ ڪرڻ To learn by heart. ڪنٺ مالا n. King's evil, scrofula. ڪنٺيِ n. A kind of necklace."
ڪُندَنُ,423,ڪندن ڪرڻ,"Pure gold, leaf gold used for setting jewels, To enchase","113) ڪُندَنُ
			(p. 423) ڪُندَنُ n. Pure gold, leaf gold used for setting jewels. ڪندن ڪرڻ To enchase."
ڪَنڌَ ۾ وَرُ,423,ڪنڌهيٺ ڪرڻ,"Stiff neck, To hang down one, A kind of frame of wood put round a bullock, Short-necked","114) ڪَنڌَ ۾ وَرُ
			(p. 423) ڪَنڌَ ۾ وَرُ Stiff neck. ڪنڌهيٺ ڪرڻ To hang down one's head. ڪَنڌاٽُ n. A kind of frame of wood put round a bullock's neck as a collar in working a water-wheel, &c. ڪَنڌَڪُرْٽو or ڪنڌڪواه a. Short-necked. ڪنڌ n"
ڪۇچُ,429,ڪۇچ ڪرڻ,"A march, The noise of the river in stormy weather, To march","115) ڪۇچُ
			(p. 429) ڪۇچُ n. A march. The noise of the river in stormy weather. ڪۇچ ڪرڻ To march."
ڪوڎو,430,ڪوڎيِٴمانُ ڪرڻ,"A play with cowrees, To disgrace","116) ڪوڎو
			(p. 430) ...A play with cowrees. ڪوڎيِٴمانُ ڪرڻ v. t. To disgrace."
ڪوڙو,431,ڪوڙيِ ڪرڻ,"The breast, bosom; grasp, embrace, To embrace, fold between two arms","117) ڪوڙو
			(p. 431) ڪوڙو n. The breast, bosom; grasp, embrace. ڪوڙيِ ڪرڻ v. t. To embrace, fold between two arms."
ڪوڪَ,431,ڪوڪ ڪرڻ,"Basting clothes, To tack, stitch together, baste","118) ڪوڪَ
			(p. 431) ڪوڪَ n. Basting clothes. ڪوڪ ڪرڻ or هڻڻ To tack, stitch together, baste."
ڪوڪُ,432,ڪوڪ ڪرڻ,"A method of cooking a fish by grilling it whole; a fish so cooked, To grill","119) ڪوڪُ
			(p. 432) ڪوڪُ n. A method of cooking a fish by grilling it whole; a fish so cooked. ڪوڪ ڪرڻ v. t. To grill."
ڪُهائيِ,434,ڪهائيِ ڪرڻ,"Still born, To be still born, To bring on a miscarriage, to cause abortion","120) ڪُهائيِ
			(p. 434) ڪُهائيِ a. Still born (an infant). ڪهائيِ ٿئَڻ To be still born (a child). ڪهائيِ ڪرڻ To bring on a miscarriage, to cause abortion."
ڪيسُ,437,ڪيس ڪرڻ,"Case, To let the hair of the head grow, To dye the hair, Washing the head, One who allows the hair of the head to grow","121) ڪيسُ
			(p. 437) ...of Case. ڪيس رکڻ To let the hair of the head grow. ڪيس لائڻ or ڪيس ڪرڻ To dye the hair. ڪيسيِ سنان Washing the head. ڪيساڌاريِ n. or a. One who allows the hair of the head to grow."
کِٿُ,441,کٿُ ڪرڻ,"Shame-stricken, ashamed, To tease","122) کِٿُ
			(p. 441) کِٿُ a. Shame-stricken, ashamed کٿُ ڪرڻ v. i. To tease."
کوٽيِ ڪرڻ,453,کوٽيِ ڪرڻ,To detain unnecessarily,"123) کوٽيِ ڪرڻ
			(p. 453) کوٽيِ ڪرڻ v. t. To detain unnecessarily."
گاسَڻِ,459,گاسڻ ڪرڻ,"Rounding, marline, small ropes wound round a rope to keep it from chafing, To worm","124) گاسَڻِ
			(p. 459) گاسَڻِ n. (naut.) Rounding, marline, small ropes wound round a rope to keep it from chafing. گاسڻ ڪرڻ v. t. To worm."
گلُ,468,گل ڪرڻ,"A flower garden, To extinguish, To lead to, Rosy-cheeked, Pomegranate blossoms; carnation, rosy pink, Having a ruddy face","125) گلُ
			(p. 468) ...A flower garden. گل ڪرڻ v. t. To extinguish (a light). v. i. To lead to (ill) consequences; reveal ugly facts. گُلْ ڳِلو a. Rosy-cheeked. گلنار n. Pomegranate blossoms; carnation, rosy pink. گل مُنهون a. Having a ruddy face."
کُلابُ,469,گلاباشيِ ڪرڻ,"A bottle for sprinkling rose-water from, To sprinkle rose-water, Rose-coloured, pink; of rose-water, like to or smelling of rose-water","126) کُلابُ
			(p. 469) ...A bottle for sprinkling rose-water from. گلاباشيِ ڪرڻ To sprinkle rose-water. گلابيِ a. Rose-coloured, pink; of rose-water, like to or smelling of rose-water."
گُمُ,470,گم ڪرڻ,"To be lost to disappear, To hide; to lose, Erring, astray, perplexed, The losing one, Unknown to fame; anonymous","127) گُمُ
			(p. 470) ...To be lost to disappear. گم ڪرڻ v. t. To hide; to lose. گمراه a. Erring, astray, perplexed. گمراهيِ n. The losing one's way, perplexity. گم نام a. Unknown to fame; anonymous."
گۇدَڙُ,473,under ڪرڻ,"Cheap Jack, See, A kind of fakir who always wears a godiri","128) گۇدَڙُ
			(p. 473) ...Cheap Jack. گودڙيو See ڪرڻيِ گور under ڪرڻ A kind of fakir who always wears a godiri."
گولُ,475,مال ڪرڻ,"The segment of a circle, To make a mess of, Roundness, A cannon ball, A sphere, globe, Ovolo, A bullet, Butts","129) گولُ
			(p. 475) ...The segment of a circle. گول مال ڪرڻ To make a mess of. گولاڻ or گولائيِ n. Roundness. گولو n. A cannon ball. A sphere, globe. (arch.) Ovolo. گوليِ n. A bullet. گوليِ مارِ n. Butts."
ڳۇڙهو,486,ڳۇڙه ڪرڻ,"A drinker of strong bhang, To shoal, Density, etc, Somewhat thick or dense","130) ڳۇڙهو
			(p. 486) ...A drinker of strong bhang. ڳۇڙه ڪرڻ v. i. To shoal. ڳۇڙهاڻ or ڳوڙهائيِ n. Density, etc. ڳوڙهيرڙو or ڳۇڙهيرو a. Somewhat thick or dense."
گهاتُ,488,گهات ڪرڻ,"Opportunity, Deceit, Slaughtering, killing, To commit suicide, A killer, an injurer, A fisherman, Murderous; inauspicious, evil","131) گهاتُ
			(p. 488) گهاتُ n. Opportunity. Deceit. Slaughtering, killing. پاڻ گهات ڪرڻ To commit suicide. گهاتۇ n. A killer, an injurer. A fisherman. گهاتيِ a. Murderous; inauspicious, evil (star.)"
گهاءُ,488,گهاءُ ڪرڻ,"A wound, To wound; injure one, To avoid the moment of one","132) گهاءُ
			(p. 488) گهاءُ n. A wound. گهاءُ ڪرڻ To wound; injure one's feelings. گهاءُگسائڻ To avoid the moment of one's passion."
گهَٽِ,489,گهٽ ڪرڻ,"Deficient, wanting, short, defective; insufficient, less, inferior, To lessen; reduce; abase, demean or degrade, To lessen, diminish, retrench, reduce; humiliate, abase, degrade; to humble, To fall, or come short, Not to be behindhand, or do one","133) گهَٽِ
			(p. 489) ...Deficient, wanting, short, defective; insufficient, less, inferior. گهٽ ڪرڻ v. t. To lessen; reduce; abase, demean or degrade (one self). گهٽائڻ v. i. To lessen, diminish, retrench, reduce; humiliate, abase, degrade; to humble. To fall, or come short (as لچائيِ ۾ ڪين گهٽائڻ Not to be behindhand, or do one's worst in..."
لا,497,لاجواب ڪرڻ,"Silenced, confuted, not to be objected to, To silence, confute, Helpless; without remedy on excuse; compelled, forced; poor, Helplessness; destitution; necessity, Necessity has no law, Ineffectual, barren, fruitless","134) لا
			(p. 497) ...Silenced, confuted, not to be objected to. لاجواب ڪرڻ v. t. To silence, confute. لاچارُ a. Helpless; without remedy on excuse; compelled, forced; poor. لاچار or لاچاريِ n. Helplessness; destitution; necessity (as لاچارکيِ سڀ روا Necessity has no law). لاحاصل a. Ineffectual, barren, fruitless..."
"لالَچِ , لالِچِ",500,لالچ ڪرڻ,"Covetousness, avarice, greediness, cupidity, To tempt, allure, entice, To be greedy, Covetous, greedy","135) لالَچِ , لالِچِ
			(p. 500) لالَچِ or لالِچِ n. Covetousness, avarice, greediness, cupidity. لالچائڻ or لالچ ڎيڻ v. t. To tempt, allure, entice. لالچ ڪرڻ To be greedy. لالچيِ n. Covetous, greedy."
لَنگَهہ,514,fasting. ڪرڻ,"Fast, fasting, To fast","136) لَنگَهہ
			(p. 514) ...Fast, fasting. ڪرڻ or لنگهڻ ڪڍڻ v. i. To fast."
لِيلاَ,521,ليلا ڪرڻ,"Amorous sports; phenomena, wonders, An actor, To represent a character","137) لِيلاَ
			(p. 521) لِيلاَ n. Amorous sports; phenomena, wonders. ليلاڌاريِ n. An actor. ليلا ڪرڻ To represent a character."
مانيِ,529,ماني ڪرڻ,"Bread, a loaf of bread, a cake; food, meat, A dinner, See under, To invite to dinner; to make a dinner after any one, Mah","138) مانيِ
			(p. 529) مانيِ n. Bread, a loaf of bread, a cake; food, meat. A dinner. a. See under مانُ ماني ڪرڻ To invite to dinner; to make a dinner after any one's death (Mah.)"
مائِٽُ,530,مائٽيِ ڪرڻ,"Betrothal, To demand some one, To betroth, A matchmaking woman","139) مائِٽُ
			(p. 530) ...Betrothal. مائٽيِ چوڻ To demand some one's daughter or son in marriage. مائٽيِ ڪرڻ To betroth. مائٽيِ ڪندڙزال n. A matchmaking woman."
مِٽيِ,535,مٽيِ ڪرڻ,"An effigy in clay; the human frame, A man of clay, said of one who is beaten as if he belongs to no one, To dirty, soil; to spoil, To slaughter, To roll in the dust, A dead body","140) مِٽيِ
			(p. 535) ...An effigy in clay; the human frame. مٽئيِ جوماڻهو A man of clay, said of one who is beaten as if he belongs to no one. مٽيِ ڪرڻ To dirty, soil; to spoil. To slaughter (a goat). مٽئيِ ۾ ليٽڻ To roll in the dust. مُئي مِٽيِ n. A dead body. مِٽِيَرُ"
"مَجْلَسَ، مَجِلَسَ , مَجْلِسَ",537,مجلس ڪرڻ,"A council, assembly, meeting, company, A feast, banquet, To meet together, To make a feast, One invited to an assembly; social","141) مَجْلَسَ، مَجِلَسَ , مَجْلِسَ
			(p. 537) مَجْلَسَ، مَجِلَسَ or مَجْلِسَ n. A council, assembly, meeting, company. A feast, banquet. مجلس ڪرڻ To meet together (as friends). To make a feast. مجلسيِ a. One invited to an assembly; social."
مُخالِفُ,540,مخالفت ڪرڻ,"An opponent, enemy, Contrary, opposite, Enmity, opposition contrariety, To go against, oppose","142) مُخالِفُ
			(p. 540) مُخالِفُ n. An opponent, enemy. a. Contrary, opposite. مُخالِفَتَ n. Enmity, opposition contrariety. مخالفت ڪرڻ To go against, oppose."
مِزاجُ,547,مزاج ڪرڻ,"Temper, humour, disposition, Pride, hauteur, To show temper; to be proud, Of obstinate or flighty disposition, who acts without attending to others, proud, Fastidious","143) مِزاجُ
			(p. 547) مِزاجُ n. Temper, humour, disposition. Pride, hauteur. مزاج ڪرڻ To show temper; to be proud. مزاجي a. Of obstinate or flighty disposition, who acts without attending to others, proud. Fastidious."
مِسِ مِسِ ڪرڻ,549,مِسِ ڪرڻ,"To whisper flattering words, Demure","144) مِسِ مِسِ ڪرڻ
			(p. 549) مِسِ مِسِ ڪرڻ v. t. To whisper flattering words. مِسْمِسْيو a. Demure."
مطُالَعَ,552,مطالع ڪرڻ,"Reading, perusal; study, To read, etc","145) مطُالَعَ
			(p. 552) مطُالَعَ n. Reading, perusal; study. مطالع ڪرڻ To read, etc."
مَعافُ,552,معاف ڪرڻ,"Absolved, exempted, forgiven, pardoned, excused, To absolve, dispense with; to pardon, excuse, remit, Exemption, immunity, pardon; remission, Exempt from rent and tax, A holder of rent-free land, grantee","146) مَعافُ
			(p. 552) مَعافُ adj. Absolved, exempted, forgiven, pardoned, excused. معاف ڪرڻ To absolve, dispense with; to pardon, excuse, remit. معافيِ n. Exemption, immunity, pardon; remission (of revenue). a. Exempt from rent and tax (land). معافيدار n. A holder of rent-free land, grantee."
مَعْلوُمُ,553,معلوم ڪرڻ,"Known, evident, To find out; to peceive; know, Information","147) مَعْلوُمُ
			(p. 553) مَعْلوُمُ a. Known, evident. معلوم ڪرڻ v. t. To find out; to peceive; know. معلۇميت n. Information."
مُنڍَ,563,منڍ ڪرڻ,"Embden groats, pearl barley, barley separated from the husk by pounding, To pearl barley","148) مُنڍَ
			(p. 563) مُنڍَ n. (plural) Embden groats, pearl barley, barley separated from the husk by pounding منڍ ڪرڻ To pearl barley."
مَيْدانُ,577,ميدان ڪرڻ,,"149) مَيْدانُ
			(p. 577) run, gallop (a horse, &c.). ميدان ڪرڻ"
ناديِ,582,ناديِ ڪرڻ,,"150) ناديِ
			(p. 582) in his ear on his adoption. ناديِ ڪرڻ"
نامُ,584,چت ڪرڻ,"Hopeless, despairing","151) نامُ
			(p. 584) a. Hopeless, despairing. نام چت ڪرڻ"
نانهِ,585,نانه ڪرڻ,To annihilate; to refuse,"152) نانهِ
			(p. 585) نانه ڪرڻ To annihilate; to refuse."
نِڙيِ,592,نڙيِ ڪرڻ,"The wind-pipe, throat, gorge, gullet, To be hoarse","153) نِڙيِ
			(p. 592) n. The wind-pipe, throat, gorge, gullet. نڙيِ پوڻ To be hoarse. نڙيِ ڪرڻ"
نَقُلُ,595,نقل ڪرڻ,"Copying fee, To copy; to represent, A copyist, Copying, To scold, jibe, Counterfeit; traditional, An imitator, mimic, A story-teller","154) نَقُلُ
			(p. 595) ...Copying fee. نقل ڪرڻ To copy; to represent (as an actor does). نقل نويس n. A copyist. نقل نويسيِ n. Copying. نقل هلڻ To scold, jibe. نقليِ a. Counterfeit; traditional. n. An imitator, mimic. A story-teller."
نِگاهَ,597,نگاه ڪرڻ,"Lustre, splendour, To fall upon, To see; to look after, See, A guard, watchman, A guardian angel, Watching","155) نِگاهَ
			(p. 597) ...Lustre, splendour. نگاه پوڻ To fall upon (one's eyes). نگاه ڪرڻ To see; to look after. نگه See نگهبان .نگاه n. A guard, watchman. نگهبان فرشتو n. A guardian angel. نگهبانيِ n. Watching."
"نيڪاسُ , نيڪالُ",606,نيڪال ڪرڻ,"Export; exportation; a passage or vent for water, Negotiation, To dispose of; to negotiate, Expulsion, banishment","156) نيڪاسُ , نيڪالُ
			(p. 606) نيڪاسُ or نيڪالُ n. Export; exportation; a passage or vent for water. (com.) Negotiation (of a hundi). نيڪال ڪرڻ To dispose of; to negotiate. نيڪاليِ n. Expulsion, banishment."
واتُ,608,وات ڪرڻ,"A great talker, one who speaks in a disrespectful manner, To shout; use abusive language, To bite, To ask, make a request To talk loosely, To be able to speak for oneself, be of age, or a major, Emetic causing","157) واتُ
			(p. 608) ...A great talker, one who speaks in a disrespectful manner وات ڪرڻ To shout; use abusive language. وات وجهڻ To bite (as a camel, etc does). To ask, make a request To talk loosely. وات وڪيل هئڻ To be able to speak for oneself, be of age, or a major. واتَوارو a. Emetic causing..."
واصُلُ,611,واصل ڪرڻ,"The debtor side of an account, To meet, To debit, The proceeds of an estate","158) واصُلُ
			(p. 611) واصُلُ n. The debtor side of an account. واصل ٿئڻ To meet. واصل ڪرڻ To debit. واصُلاتَ n. The proceeds of an estate."
وَٽَ,616,وراڻ ڪرڻ,"Moistening, moisture, To eat any fresh produce for the first time in the season, To second, back up","159) وَٽَ
			(p. 616) ...Moistening, moisture. (a. وٽائتو), وٽ ڪرڻ To eat any fresh produce for the first time in the season. وٽ وراڻ ڪرڻ To second, back up."
وَٽُ,616,سارڻ ڪرڻ,"The gripes, a griping pain, To bear malice, To cleanse the person after making water, etc,, Mah, To throw an obstacle, put a spoke in the wheel","160) وَٽُ
			(p. 616) ...The gripes, a griping pain. وٽ رکڻ To bear malice. وٽ پچائڻ سارڻ ڪرڻ To cleanse the person after making water, etc, (as a Mah. does). وٽ وجهڻ To throw an obstacle, put a spoke in the wheel."
وَرْنُ,625,ورن ڪرڻ,"Variegated, To change colour, An outcaste, Coloured, Blood coloured","161) وَرْنُ
			(p. 625) ...Variegated. ورن ورن ڪرڻ v. i. To change colour. وَرْنَ هِيڻُ n. An outcaste. وَرْنو a. Coloured (used as an affix), as رت ورنو Blood coloured."
"وِصالُ , وَصْلُ",629,وصال ڪرڻ,"Meeting, union of lovers;, Sufis, To die, Making up, pasting and repairing the leaves of a book previous to rebinding","162) وِصالُ , وَصْلُ
			(p. 629) وِصالُ or وَصْلُ n. Meeting, union of lovers; (Sufis) death. وصال ڪرڻ To die. وصاليِ n. Making up, pasting and repairing the leaves of a book previous to rebinding."
"ۇصۇلُ , وِصۇلُ",629,وصول ڪرڻ,"Collecting, To collect, Collection of dues recoverable","163) ۇصۇلُ , وِصۇلُ
			(p. 629) ۇصۇلُ or وِصۇلُ n. Collecting (money). وصول ڪرڻ or وصولڻ v. t. To collect (money), realize. وصۇليِ n. Collection of dues recoverable."
وَصِيَتَ,629,وصيت ڪرڻ,"A last will or testament orally delivered, nuncupative will, To bequeath, A last will or testament","164) وَصِيَتَ
			(p. 629) وَصِيَتَ n. A last will or testament orally delivered, nuncupative will. وصيت ڪرڻ To bequeath. وصيت نامو n. A last will or testament."
وَضَعُ,629,وضع ڪرڻ,"Deductihn, Subtraction, To deduct","165) وَضَعُ
			(p. 629) وَضَعُ n. Deductihn. وَضَعُ باقيِ Subtraction. وضع ڪرڻ To deduct."
ۇضۇ,629,(Mah.). ڪرڻ,"Ablution before prayer, Mah, To perform ablutions","166) ۇضۇ
			(p. 629) ۇضۇ n. Ablution before prayer (Mah.). ڪرڻ or وضۇسارڻ To perform ablutions."
"وِڻاهُ , وِڻاءُ",634,وڻاهُ ڪرڻ,"Injury, fear of injuries, To make too much of; to create mischief, To burrow, A murderer, a homicide, Fatal, murderous","167) وِڻاهُ , وِڻاءُ
			(p. 634) ...Injury, fear of injuries. وڻاهُ ڪرڻ or وڻاُءُ v. i. To make too much of; to create mischief. To burrow (as an abscess). وڻاهي n. A murderer, a homicide. a. Fatal, murderous."
وِياڪُلُ,637,وِياڪُلُ ڪرڻ,"Confounded, troubled, To annoy, trouble, Perplexity","168) وِياڪُلُ
			(p. 637) وِياڪُلُ a. Confounded, troubled. وِياڪُلُ ڪرڻ v. t. To annoy, trouble. وِياڪُلْتا n. Perplexity."
ويِلو,641,ويِلو ڪرڻ,"Voracity, A pain of the bowels, To eat or swallow","169) ويِلو
			(p. 641) ويِلو n. Voracity. A pain of the bowels. ويِلو ڪرڻ v. t. To eat or swallow (said in disgust)."
هَتَڪَ,645,هتڪ عزت ڪرڻ,"Dishonor, loss of reputation, To defame","170) هَتَڪَ
                        (p. 645) هَتَڪَ n. Dishonor, loss of reputation. هتڪ عزت ڪرڻ To defame."
هَٿُ,646,هٿوپائيِ ڪرڻ,"Fiddling, tossing about articles to another, To be forward, Masturbation, To take care of, consider as one, To sever one, To obtain, get, To raise one","171) هَٿُ
			(p. 646) ...Fiddling, tossing about articles to another's annoyance. هٿوپائيِ ڪرڻ To be forward. هَٿَ رَسُ n. Masturbation. هَٿُ رکڻ To take care of, consider as one's own. هٿ ڪڍڻ To sever one's connection. هَٿِ ڪَرَڻُ To obtain, get. هَٿُ کَڻَڻُ To raise one's hand. To..."
هِرْتُ,649,هرت ڪرڻ,"Disappeared, lost, lapsed, To take or snatch away","172) هِرْتُ
			(p. 649) هِرْتُ a. (indic.) Disappeared, lost, lapsed (used only with abstract nouns, as excellence, sense, &c.). هرت ڪرڻ v. t. To take or snatch away."
هِشِ,651,هش ڪرڻ,"The cry for driving off a cat,, To pooh pooh","173) هِشِ
			(p. 651) هِشِ n. The cry for driving off a cat, &c., hish. هش هش ڪرڻ To pooh pooh."
هَضَمُ,652,هضم ڪرڻ,"Digestion, To be digested, etc, To digest; to embezzle, Digestive","174) هَضَمُ
			(p. 652) هَضَمُ n. Digestion. هَضَمُ ٿِيَڻُ v. i. To be digested, etc. هضم ڪرڻ v. t. To digest; to embezzle. هضميِ a. Digestive."
"هَلاڪُ , هَلاکُہ",653,هلاکہ ڪرڻ,"Bothered, annoyed, wearied, trouble, vexed, To trouble, annoy, Annoyance, bother, vexation, trouble","175) هَلاڪُ , هَلاکُہ
			(p. 653) هَلاڪُ or هَلاکُہ a. Bothered, annoyed, wearied, trouble, vexed. هلاکہ ڪرڻ v. t. To trouble, annoy. هلاڪت هلاڪيِ or هلاکيِ n. Annoyance, bother, vexation, trouble."
هِمَتَ,655,همت ڪرڻ,"Spirit, resolution, courage, bravery; energy, To take heart or courage, To think one, To lose one, Boldly, daringly, To give courage, encourage","176) هِمَتَ
			(p. 655) ...Spirit, resolution, courage, bravery; energy. همت ڪرڻ To take heart or courage. همت سارڻ To think one's self competent or able. همت هارڻ To lose one's courage. همتائتو a. or adv. Boldly, daringly. همتائڻ v. t. To give courage, encourage. همتوان ، همت ڀريو or..."
هَمَ تَمَ,655,نڪاتم ڪرڻ,"Patience, thought, consideration, Not to hesitate, do things precipitately, or without waiting to think","177) هَمَ تَمَ
			(p. 655) هَمَ تَمَ n. Patience, thought, consideration. نڪاهم نڪاتم ڪرڻ Not to hesitate, do things precipitately, or without waiting to think."
ڇيرۇن ڪرڻ,ixx,ڇيرۇن ڪرڻ,"To play about, roll in","178) ڇيرۇن ڪرڻ
			(p. ixx) ڇيرۇن ڪرڻ v. i. To play about, roll in."